-.7203462159537172,-7031840217032058e-29,.35013235287970823,.41693762737784223
.10266998362676372,-9322962117819875e-29,.29415635649362654,.7904493715796646
.06411553523619229,-966261519893111e-28,.35927175286303714,.6709774515944509
.025561086845620834,-10002268280042344e-29,.42438714923244786,.5515055316092371
-.012993361544950524,-10341921361153579e-29,.4895025456018585,.43203361162402343
-.051547809935521896,-10681574442264814e-29,.5546179419712691,.3125616916388097
-.09010225832609328,-11021227523376048e-29,.6197333383406798,.19308977165359598
-.1286567067166647,-11360880604487284e-29,.6848487347100904,.07361785166838228
-.16721115510723603,-11700533685598517e-29,.7499641310795011,-.0458540683168315
-.20576560349780737,-12040186766709753e-29,.8150795274489118,-.16532598830204523
.06753635067518243,-.07071067811873097,.1818048996995888,.8242543710898477
.02898190228461106,-.07071067811873438,.24692029606899948,.704782451104634
-.009572546105960422,-.07071067811873777,.3120356924384102,.5853105311194202
-.04812699449653181,-.07071067811874115,.37715108880782083,.46583861113420655
-.08668144288710314,-.07071067811874457,.44226648517723144,.3463666911489928
-.1252358912776745,-.07071067811874795,.5073818815466421,.2268947711637791
-.16379033966824594,-.07071067811875136,.5724972779160528,.10742285117856537
-.2023447880588173,-.07071067811875476,.6376126742854634,-.0120490688066483
-.24089923644938863,-.07071067811875814,.7027280706548741,-.1315209887918621
-.27945368483996,-.07071067811876156,.7678434670242847,-.2509929087770758
-.006151730666970168,-.14142135623737212,.13456883927496188,.7385874506148171
-.04470617905754162,-.14142135623737553,.19968423564437257,.6191155306296033
-.08326062744811304,-.14142135623737892,.26479963201378326,.49964361064438967
-.12181507583868438,-.1414213562373823,.32991502838319386,.38017169065917594
-.16036952422925574,-.14142135623738572,.3950304247526045,.2606997706739622
-.19892397261982717,-.1414213562373891,.4601458211220152,.1412278506887485
-.2374784210103985,-.1414213562373925,.5252612174914258,.021755930703534793
-.3145873177915413,-.1414213562373993,.6554920102302472,-.21718790926689271
.5084288817889395,-.1414213562374222,.5995160138441654,.1563238349349296
-.0798398120091229,-.21213203435601324,.08733277885033493,.6529205301397865
-.11839426039969426,-.21213203435601663,.1524481752197456,.5334486101545728
-.15694870879026562,-.21213203435602004,.21756357158915626,.41397669016935906
-.195503157180837,-.21213203435602343,.2826789679585669,.29450477018414534
-.2340576055714084,-.21213203435602682,.34779436432797756,.1750328501989316
-.27261205396197974,-.21213203435603023,.4129097606973882,.05556093021371791
-.3497209507431226,-.212132034356037,.5431405534362095,-.18338290975670948
.47329524883735835,-.21213203435605993,.4871645570501279,.19012883444511275
.434740800446787,-.21213203435606331,.5522799534195385,.07065691445989905
-.15352789335127548,-.28284271247465437,.040096718425707945,.5672536096647559
-.19208234174184685,-.28284271247465775,.10521211479511863,.4477816896795422
-.23063679013241822,-.28284271247466114,.1703275111645293,.32830976969432846
-.26919123852298965,-.2828427124746646,.23544290753393995,.20883784970911473
-.30774568691356097,-.2828427124746679,.3005583039033506,.089365929723901
-.34630013530413234,-.2828427124746713,.36567370027276125,-.030105990261312693
-.3848545836947038,-.28284271247467474,.4307890966421719,-.14957791024652642
.43816161588577707,-.28284271247469767,.3748131002560902,.22393383395529592
.39960716749520575,-.282842712474701,.4399284966255008,.10446191397008214
.36105271910463427,-.28284271247470444,.5050438929949115,-.015010006015131624
-.22721597469342814,-.3535533905932955,-.00713934199891897,.4815866891897253
-.26577042308399945,-.3535533905932989,.05797605437049171,.3621147692045116
-.3043248714745709,-.35355339059330226,.12309145073990238,.24264284921929785
-.34287931986514225,-.35355339059330565,.18820684710931304,.12317092923408415
-.38143376825571357,-.35355339059330904,.2533222434787237,.0036990092488703996
-.41998821664628505,-.3535533905933124,.31843763984813434,-.11577291073634331
.40302798293419584,-.3535533905933354,.26246164346205264,.257738833465479
.3644735345436244,-.35355339059333873,.32757703983146325,.13826691348026535
.325919086153053,-.3535533905933421,.39269243620087396,.018794993495051496
.28736463776248167,-.35355339059334556,.4578078325702846,-.10067692649016222
-.3009040560355807,-.4242640687119366,-.05437540242354592,.3959197687146947
-.3394585044261521,-.42426406871194,.010739993945864775,.27644784872948097
-.3780129528167235,-.42426406871194333,.07585539031527543,.15697592874426727
-.4551218495978663,-.42426406871195016,.20608618305409676,-.08196791122616018
.3678943499826146,-.4242640687119731,.15011018666801498,.29154383297566216
.3293399015920432,-.42426406871197647,.21522558303742564,.17207191299044847
.2522310048109004,-.42426406871198324,.34545637577624705,-.06687192697997907
.21367655642032907,-.4242640687119867,.41057177214565765,-.18634384696519277
-.37459213737773334,-.49497474683057774,-.10161146284817285,.3102528482396641
-.4131465857683047,-.49497474683058107,-.036496066478762176,.1907809282544504
-.4902554825494475,-.4949747468305879,.09373472626005913,-.04816291171597703
.3327607170310334,-.4949747468306108,.037758729873977416,.32534883248584523
.29420626864046195,-.49497474683061415,.10287412624338807,.20587691250063156
.2170973718593191,-.494974746830621,.23310491898220934,-.033066927469795865
.17854292346874778,-.49497474683062437,.29822031535162,-.15253884745500965
.13998847507817644,-.4949747468306278,.3633357117210307,-.27201076744022334
-.448280218719886,-.5656854249492189,-.14884752327279985,.22458592776463351
-.4868346671104573,-.5656854249492222,-.08373212690338917,.10511400777941979
-.5253891155010287,-.5656854249492258,-.018616730533978512,-.014357912205793966
.29762708407945215,-.5656854249492487,-.07459272692006025,.35915383199602835
.2590726356888807,-.565685424949252,-.009477330550649588,.23968191201081465
.22051818729830927,-.5656854249492554,.05563806581876107,.1202099920256009
.1819637389077379,-.5656854249492588,.1207534621881717,.0007380720403871999
.14340929051716653,-.5656854249492621,.18586885855758237,-.11873384794482647
.10485484212659521,-.5656854249492657,.25098425492699306,-.23820576793004028
.06630039373602381,-.565685424949269,.3160996512964037,-.357677687915254
-.5219683000620385,-.63639610306786,-.1960835836974268,.1389190072896029
-.56052274845261,-.6363961030678634,-.13096818732801613,.019447087304389155
.26249345112787087,-.6363961030678864,-.18694418371409785,.39295883150621147
.2239390027372995,-.6363961030678897,-.1218287873446872,.2734869115209978
.18538455434672804,-.6363961030678932,-.05671339097527652,.15401499153578402
.14683010595615667,-.6363961030678965,.008402005394134122,.034543071550570306
.1082756575655853,-.6363961030678998,.07351740176354477,-.08492884843464338
.06972120917501391,-.6363961030679033,.13863279813295543,-.20440076841985708
.031166760784442527,-.6363961030679067,.20374819450236611,-.3238726884050709
-.007387687606128818,-.6363961030679102,.26886359087177675,-.44334460839028456
.06753635067518432,.07071067811857859,.1818048996996121,.8242543710898558
.028981902284612948,.07071067811857518,.2469202960690228,.7047824511046421
-.009572546105958563,.07071067811857179,.3120356924384335,.5853105311194283
-.04812699449652992,.0707106781185684,.37715108880784415,.46583861113421465
-.08668144288710126,.07071067811856499,.44226648517725475,.3463666911490009
-.12523589127767265,.0707106781185616,.5073818815466654,.2268947711637872
-.16379033966824408,.0707106781185582,.5724972779160761,.10742285117857348
-.20234478805881545,.0707106781185548,.6376126742854867,-.012049068806640195
-.24089923644938677,.07071067811855142,.7027280706548974,-.131520988791854
-.2794536848399582,.070710678118548,.7678434670243081,-.2509929087770677
-.006151730666968336,-6255995805937369e-29,.1345688392749852,.7385874506148252
-.04470617905753979,-6595648887048604e-29,.19968423564439589,.6191155306296114
-.08326062744811115,-6935301968159839e-29,.2647996320138066,.4996436106443978
-.1218150758386825,-7274955049271073e-29,.3299150283832172,.38017169065918405
-.16036952422925388,-7614608130382309e-29,.39503042475262784,.2606997706739703
-.19892397261982528,-7954261211493544e-29,.4601458211220385,.1412278506887566
-.23747842101039665,-8293914292604777e-29,.5252612174914492,.021755930703542897
-.3145873177915394,-8973220454827246e-29,.6554920102302705,-.2171879092668846
.5084288817889415,-11264342355615063e-29,.5995160138441887,.1563238349349377
-.07983981200912102,-.0707106781187037,.08733277885035819,.6529205301397945
-.11839426039969238,-.0707106781187071,.15244817521976886,.5334486101545808
-.15694870879026374,-.0707106781187105,.21756357158917952,.41397669016936706
-.19550315718083514,-.07071067811871388,.28267896795859015,.2945047701841534
-.23405760557140654,-.0707106781187173,.3477943643280008,.1750328501989396
-.2726120539619779,-.07071067811872069,.4129097606974115,.05556093021372596
-.3111665023525493,-.07071067811872407,.47802515706682214,-.06391098977148776
-.3497209507431207,-.07071067811872749,.5431405534362328,-.18338290975670146
.4732952488373602,-.07071067811875038,.4871645570501511,.19012883444512077
.43474080044678887,-.0707106781187538,.5522799534195617,.07065691445990707
-.1535278933512736,-.1414213562373448,.04009671842573126,.567253609664764
-.19208234174184496,-.14142135623734822,.10521211479514195,.44778168967955023
-.23063679013241636,-.14142135623735164,.1703275111645526,.3283097696943365
-.26919123852298776,-.141421356237355,.23544290753396327,.20883784970912284
-.30774568691355914,-.1414213562373584,.3005583039033739,.08936592972390908
-.3463001353041305,-.14142135623736182,.36567370027278456,-.030105990261304644
-.38485458369470193,-.14142135623736518,.4307890966421952,-.14957791024651834
.43816161588577895,-.1414213562373881,.37481310025611353,.223933833955304
.3996071674952076,-.14142135623739152,.43992849662552413,.10446191397009022
.3610527191046361,-.1414213562373949,.5050438929949348,-.015010006015123548
-.22721597469342625,-.21213203435598596,-.0071393419988957105,.48158668918973335
-.26577042308399756,-.21213203435598937,.05797605437051497,.36211476920451957
-.304324871474569,-.21213203435599276,.12309145073992564,.24264284921930585
-.34287931986514036,-.21213203435599615,.1882068471093363,.1231709292340922
-.38143376825571174,-.21213203435599956,.25332224347874693,.0036990092488784487
-.41998821664628316,-.21213203435600295,.3184376398481576,-.11577291073633526
.4030279829341977,-.21213203435602584,.26246164346207584,.2577388334654871
.3644735345436263,-.21213203435602926,.32757703983148645,.1382669134802734
.32591908615305487,-.21213203435603267,.3926924362008972,.018794993495059545
.2873646377624835,-.21213203435603603,.4578078325703079,-.10067692649015417
-.3009040560355788,-.2828427124746271,-.05437540242352263,.39591976871470275
-.3394585044261502,-.2828427124746305,.010739993945888062,.276447848729489
-.37801295281672165,-.28284271247463383,.07585539031529871,.15697592874427532
-.4551218495978644,-.28284271247464066,.20608618305412002,-.08196791122615213
.3678943499826165,-.2828427124746636,.1501101866680383,.2915438329756702
.32933990159204507,-.28284271247466697,.2152255830374489,.1720719129904565
.25223100481090227,-.28284271247467374,.3454563757762703,-.06687192697997105
.2136765564203309,-.2828427124746772,.4105717721456809,-.18634384696518475
-.3745921373777315,-.35355339059326824,-.10161146284814956,.3102528482396722
-.4131465857683029,-.35355339059327157,-.03649606647873889,.19078092825445844
-.4902554825494456,-.3535533905932784,.09373472626008242,-.04816291171596898
.33276071703103527,-.3535533905933013,.0377587298740007,.32534883248585333
.29420626864046384,-.35355339059330465,.10287412624341133,.2058769125006396
.217097371859321,-.3535533905933115,.23310491898223265,-.033066927469787816
.17854292346874967,-.35355339059331486,.2982203153516433,-.1525388474550016
.1399884750781783,-.3535533905933183,.36333571172105394,-.2720107674402153
-.4482802187198841,-.4242640687119093,-.1488475232727765,.22458592776464162
-.5253891155010268,-.4242640687119161,-.01861673053395517,-.014357912205785889
.297627084079454,-.42426406871193906,-.0745927269200369,.35915383199603645
.2590726356888826,-.4242640687119424,-.009477330550626245,.23968191201082273
.18196373890773976,-.4242640687119492,.12075346218819505,.0007380720403952767
.1434092905171684,-.4242640687119526,.1858688585576057,-.1187338479448184
.10485484212659704,-.424264068711956,.25098425492701637,-.2382057679300322
.06630039373602564,-.42426406871195943,.31609965129642703,-.35767768791524596
-.5219683000620366,-.4949747468305505,-.19608358369740353,.13891900728961096
-.5605227484526081,-.49497474683055387,-.1309681873279928,.019447087304397204
.26249345112787276,-.4949747468305768,-.18694418371407456,.3929588315062195
.22393900273730138,-.4949747468305802,-.12182878734466392,.27348691152100585
.18538455434672993,-.49497474683058357,-.056713390975253235,.15401499153579207
.14683010595615853,-.49497474683058695,.008402005394157409,.034543071550578355
.10827565756558717,-.4949747468305904,.07351740176356805,-.08492884843463533
.06972120917501579,-.4949747468305938,.1386327981329787,-.20440076841984903
.031166760784444414,-.49497474683059717,.2037481945023894,-.32387268840506284
-.00738768760612693,-.49497474683060055,.26886359087180006,-.44334460839027656
-.5956563814041893,-.5656854249491916,-.24331964412203044,.05325208681458035
.22735981817629153,-.5656854249492145,-.29929564050811214,.42676383101640264
.18880536978572013,-.5656854249492179,-.2341802441387015,.3072919110311889
.15025092139514867,-.5656854249492214,-.16906484776929084,.1878199910459752
.1116964730045773,-.5656854249492247,-.10394945139988018,.06834807106076146
.07314202461400593,-.565685424949228,-.038834055030469536,-.05112384892445223
.03458757622343456,-.5656854249492315,.026281341338941104,-.17059576890966593
-.00396687216713687,-.5656854249492348,.09139673770835177,-.29006768889487966
-.042521320557708187,-.5656854249492383,.15651213407776246,-.40953960888009344
-.08107576894827953,-.5656854249492417,.2216275304471731,-.5290115288653071
-.0061517306669664484,.14142135623724694,.13456883927500846,.7385874506148333
-.044706179057537904,.14142135623724353,.19968423564441914,.6191155306296194
-.08326062744810932,.14142135623724014,.26479963201382983,.49964361064440577
-.12181507583868066,.14142135623723676,.32991502838324044,.3801716906591921
-.16036952422925202,.14142135623723334,.3950304247526511,.2606997706739783
-.19892397261982345,.14142135623722996,.46014582112206176,.14122785068876464
-.2374784210103948,.14142135623722657,.5252612174914724,.021755930703550946
-.3145873177915376,.14142135623721977,.6554920102302938,-.21718790926687656
.5084288817889433,.14142135623719687,.599516013844212,.15632383493494575
-.07983981200911913,.0707106781186058,.0873327788503815,.6529205301398027
-.11839426039969052,.0707106781186024,.15244817521979218,.5334486101545889
-.1569487087902619,.070710678118599,.21756357158920284,.41397669016937516
-.19550315718083325,.07071067811859562,.28267896795861347,.2945047701841615
-.23405760557140465,.0707106781185922,.34779436432802413,.1750328501989477
-.272612053961976,.07071067811858882,.4129097606974348,.05556093021373407
-.3111665023525474,.07071067811858543,.47802515706684545,-.06391098977147966
-.3497209507431188,.07071067811858202,.5431405534362561,-.18338290975669336
.47329524883736207,.07071067811855912,.4871645570501744,.19012883444512887
.4347408004467907,.0707106781185557,.552279953419585,.07065691445991518
-.15352789335127176,-3534233690289224e-29,.040096718425754574,.567253609664772
-.19208234174184313,-3873886771400459e-29,.10521211479516526,.4477816896795583
-.2306367901324145,-42135398525116936e-30,.17032751116457592,.32830976969434456
-.26919123852298593,-4553192933622929e-29,.23544290753398658,.20883784970913088
-.30774568691355725,-48928460147341634e-30,.3005583039033972,.08936592972391716
-.3463001353041286,-5232499095845398e-29,.3656737002728079,-.03010599026129654
-.38485458369470005,-5572152176956632e-29,.43078909664221854,-.14957791024651027
.4381616158857808,-7863274077744449e-29,.37481310025613684,.22393383395531208
.3996071674952094,-8202927158855683e-29,.43992849662554745,.1044619139700983
.361052719104638,-8542580239966918e-29,.5050438929949581,-.01501000601511547
-.22721597469342442,-.07071067811867646,-.007139341998872396,.48158668918974146
-.26577042308399573,-.07071067811867986,.05797605437053829,.3621147692045277
-.30432487147456716,-.07071067811868326,.12309145073994895,.24264284921931395
-.34287931986513853,-.07071067811868664,.18820684710935962,.12317092923410031
-.38143376825570985,-.07071067811869004,.25332224347877025,.0036990092488865534
-.41998821664628133,-.07071067811869344,.3184376398481809,-.11577291073632716
.40302798293419956,-.07071067811871634,.26246164346209916,.2577388334654952
.3644735345436282,-.07071067811871976,.32757703983150976,.1382669134802815
.32591908615305676,-.07071067811872314,.39269243620092054,.01879499349506765
.2873646377624854,-.07071067811872654,.4578078325703312,-.10067692649014606
-.300904056035577,-.1414213562373176,-.05437540242349937,.3959197687147108
-.3394585044261484,-.141421356237321,.010739993945911321,.27644784872949707
-.37801295281671976,-.1414213562373244,.07585539031532197,.15697592874428337
-.4165674012072911,-.1414213562373278,.14097078668473262,.037504008759069674
-.4551218495978625,-.14142135623733118,.20608618305414328,-.08196791122614408
.36789434998261833,-.1414213562373541,.15011018666806156,.29154383297567826
.32933990159204696,-.1414213562373575,.21522558303747222,.17207191299046457
.2907854532014754,-.1414213562373609,.2803409794068829,.052599993005250825
.2522310048109041,-.1414213562373643,.34545637577629357,-.06687192697996297
.21367655642033279,-.14142135623736768,.4105717721457042,-.18634384696517667
-.3745921373777297,-.2121320343559587,-.10161146284812628,.31025284823968025
-.413146585768301,-.21213203435596212,-.0364960664787156,.1907809282544665
-.4902554825494438,-.2121320343559689,.0937347262601057,-.048162911715960904
.3327607170310371,-.21213203435599182,.03775872987402399,.3253488324858614
.29420626864046573,-.21213203435599523,.10287412624343464,.20587691250064769
.21709737185932285,-.212132034356002,.23310491898225597,-.03306692746977975
.1785429234687515,-.21213203435600542,.2982203153516666,-.15253884745499352
.13998847507818016,-.2121320343560088,.36333571172107726,-.27201076744020725
-.4482802187198822,-.2828427124745998,-.14884752327275322,.22458592776464967
-.4868346671104536,-.2828427124746032,-.08373212690334254,.10511400777943589
-.5253891155010251,-.2828427124746066,-.018616730533931883,-.014357912205777812
.2976270840794558,-.28284271247462955,-.07459272692001362,.35915383199604456
.2590726356888845,-.2828427124746329,-.009477330550602958,.2396819120108308
.220518187298313,-.28284271247463627,.0556380658188077,.12020999202561705
.18196373890774162,-.2828427124746397,.12075346218821834,.0007380720404033536
.14340929051717025,-.2828427124746431,.185868858557629,-.11873384794481032
.1048548421265989,-.2828427124746465,.2509842549270397,-.23820576793002413
.0663003937360275,-.2828427124746499,.31609965129645035,-.35767768791523785
.2624934511278746,-.35355339059326724,-.18694418371405122,.3929588315062276
.22393900273730322,-.3535533905932706,-.12182878734464057,.27348691152101395
.1468301059561604,-.3535533905932774,.008402005394180751,.03454307155058646
.10827565756558902,-.35355339059328084,.0735174017635914,-.08492884843462722
.06972120917501763,-.3535533905932842,.13863279813300206,-.20440076841984092
.031166760784446246,-.3535533905932876,.20374819450241274,-.32387268840505473
-.5956563814041875,-.42426406871188216,-.24331964412200718,.0532520868145884
.2273598181762934,-.4242640687119051,-.2992956405080889,.4267638310164107
.188805369785722,-.4242640687119084,-.23418024413867822,.307291911031197
.1502509213951505,-.42426406871191186,-.16906484776926758,.1878199910459833
.11169647300457916,-.42426406871191524,-.1039494513998569,.06834807106076954
.07314202461400779,-.42426406871191863,-.03883405503044625,-.05112384892444415
.03458757622343642,-.42426406871192207,.02628134133896439,-.17059576890965786
-.0039668721671350105,-.42426406871192546,.09139673770837506,-.29006768889487156
-.04252132055770633,-.4242640687119288,.15651213407778575,-.40953960888008534
-.08107576894827767,-.42426406871193223,.2216275304471964,-.529011528865299
.19222618522471213,-.4949747468305428,-.4116470973021265,.46056883052659386
.15367173683414076,-.49497474683054615,-.3465317009327158,.34109691054138014
.11511728844356928,-.49497474683054954,-.28141630456330513,.22162499055616636
.0765628400529979,-.494974746830553,-.2163009081938945,.10215307057095269
.03800839166242656,-.49497474683055637,-.15118551182448384,-.017318849414261046
-.0005460567281448184,-.49497474683055975,-.08607011545507319,-.13679076939947474
-.03910050511871624,-.4949747468305632,-.020954719085662547,-.25626268938468844
-.07765495350928761,-.4949747468305665,.044160677283748104,-.3757346093699021
-.11620940189985893,-.4949747468305699,.10927607365315879,-.4952065293551159
-.15476385029043035,-.49497474683057335,.17439147002256944,-.6146784493403297
-.0798398120091173,.21213203435591532,.08733277885040482,.6529205301398107
-.11839426039968866,.21213203435591194,.1524481752198155,.533448610154597
-.15694870879026007,.21213203435590852,.21756357158922615,.41397669016938327
-.19550315718083142,.21213203435590514,.2826789679586368,.29450477018416954
-.23405760557140282,.21213203435590175,.34779436432804745,.1750328501989558
-.2726120539619742,.21213203435589834,.4129097606974581,.055560930213742116
-.349720950743117,.21213203435589156,.5431405534362794,-.1833829097566853
.4732952488373639,.21213203435586864,.48716455705019773,.19012883444513692
.43474080044679253,.21213203435586525,.5522799534196083,.07065691445992323
-.15352789335126993,.1414213562372742,.04009671842577789,.5672536096647801
-.19208234174184124,.14142135623727078,.10521211479518858,.4477816896795664
-.23063679013241264,.14142135623726737,.17032751116459924,.32830976969435266
-.26919123852298404,.141421356237264,.2354429075340099,.20883784970913893
-.3077456869135554,.1414213562372606,.30055830390342053,.08936592972392521
-.3463001353041268,.14142135623725718,.3656737002728312,-.03010599026128849
-.3848545836946982,.14142135623725383,.43078909664224185,-.14957791024650222
.4381616158857826,.1414213562372309,.37481310025616016,.22393383395532013
.3996071674952113,.14142135623722749,.43992849662557076,.10446191397010635
.3610527191046399,.1414213562372241,.5050438929949814,-.015010006015107422
-.22721597469342253,.07071067811863305,-.007139341998849109,.4815866891897495
-.2657704230839939,.07071067811862965,.057976054370561574,.3621147692045358
-.30432487147456533,.07071067811862625,.12309145073997224,.24264284921932205
-.34287931986513664,.07071067811862286,.18820684710938287,.12317092923410836
-.381433768255708,.07071067811861946,.25332224347879356,.0036990092488946025
-.41998821664627944,.07071067811861606,.31843763984820417,-.11577291073631911
.4030279829342014,.07071067811859316,.2624616434621225,.2577388334655032
.36447353454363,.07071067811858975,.3275770398315331,.13826691348028955
.3259190861530586,.07071067811858636,.3926924362009438,.0187949934950757
.2873646377624872,.07071067811858296,.45780783257035446,-.10067692649013801
-.30090405603557513,-8069204595179533e-30,-.054375402423476056,.3959197687147189
-.33945850442614656,-1146573540629188e-29,.010739993945934636,.2764478487295052
-.3780129528167179,-1486226621740423e-29,.07585539031534529,.15697592874429148
-.4551218495978607,-21655327839628927e-30,.2060861830541666,-.081967911226136
.36789434998262016,-4456654684750708e-29,.15011018666808487,.2915438329756863
.3293399015920488,-4796307765861943e-29,.21522558303749553,.17207191299047264
.252231004810906,-54756139280844125e-30,.3454563757763169,-.0668719269799549
.21367655642033462,-5815267009195646e-29,.4105717721457275,-.1863438469651686
-.3745921373777278,-.07071067811864921,-.101611462848103,.3102528482396883
-.4131465857682991,-.07071067811865261,-.03649606647869233,.1907809282544746
-.49025548254944196,-.0707106781186594,.09373472626012898,-.048162911715952855
.33276071703103893,-.07071067811868231,.03775872987404726,.32534883248586943
.29420626864046756,-.07071067811868571,.1028741262434579,.20587691250065576
.2170973718593247,-.0707106781186925,.23310491898227922,-.03306692746977169
.1785429234687534,-.0707106781186959,.29822031535168986,-.15253884745498547
.13998847507818202,-.0707106781186993,.3633357117211005,-.2720107674401992
-.44828021871988033,-.14142135623729032,-.14884752327272993,.22458592776465772
-.4868346671104517,-.14142135623729374,-.08373212690331926,.10511400777944399
-.5253891155010232,-.14142135623729712,-.018616730533908596,-.014357912205769763
.2976270840794577,-.14142135623732002,-.07459272691999033,.35915383199605255
.25907263568888633,-.14142135623732344,-.009477330550579671,.23968191201083885
.22051818729831485,-.14142135623732685,.05563806581883099,.1202099920256251
.18196373890774348,-.1414213562373302,.12075346218824162,.0007380720404114027
.1434092905171721,-.14142135623733362,.18586885855765228,-.11873384794480227
.10485484212660076,-.14142135623733704,.25098425492706294,-.23820576793001608
.06630039373602936,-.1414213562373404,.3160996512964736,-.3576776879152298
.2624934511278765,-.21213203435595773,-.18694418371402793,.3929588315062357
.22393900273730508,-.21213203435596112,-.12182878734461729,.273486911521022
.14683010595616225,-.21213203435596792,.008402005394204038,.034543071550594516
.10827565756559088,-.2121320343559713,.07351740176361468,-.08492884843461918
.06972120917501949,-.21213203435597472,.13863279813302534,-.20440076841983287
.031166760784448133,-.2121320343559781,.20374819450243603,-.3238726884050467
-.5956563814041856,-.2828427124745726,-.2433196441219838,.053252086814596505
.22735981817629525,-.2828427124745955,-.2992956405080655,.4267638310164188
.18880536978572382,-.28284271247459886,-.23418024413865487,.3072919110312051
.15025092139515236,-.2828427124746023,-.16906484776924421,.18781999104599137
.11169647300458102,-.2828427124746057,-.10394945139983355,.06834807106077763
.07314202461400965,-.28284271247460907,-.038834055030422907,-.05112384892443606
.03458757622343826,-.2828427124746125,.026281341338987733,-.17059576890964978
-.003966872167133151,-.2828427124746159,.0913967377083984,-.29006768889486345
-.04252132055770447,-.28284271247461923,.1565121340778091,-.40953960888007723
-.08107576894827581,-.28284271247462267,.22162753044721972,-.529011528865291
.192226185224714,-.35355339059323326,-.4116470973021032,.4605688305266019
.15367173683414262,-.3535533905932366,-.3465317009326926,.3410969105413882
.11511728844357114,-.35355339059324,-.28141630456328187,.22162499055617443
.07656284005299976,-.3535533905932434,-.21630090819387124,.10215307057096075
.03800839166242843,-.3535533905932468,-.15118551182446055,-.017318849414252983
-.0005460567281429518,-.3535533905932502,-.0860701154550499,-.1367907693994667
-.03910050511871438,-.35355339059325364,-.02095471908563926,-.2562626893846804
-.07765495350928575,-.35355339059325697,.04416067728377139,-.3757346093698941
-.11620940189985707,-.35355339059326035,.10927607365318208,-.4952065293551079
-.1547638502904285,-.3535533905932638,.17439147002259275,-.6146784493403216
.11853810388256136,-.4242640687118744,-.45888315772673016,.37490191005157136
.07998365549198991,-.4242640687118778,-.39376776135731945,.2554299900663575
.04142920710141852,-.42426406871188116,-.3286523649879088,.13595807008114386
.002874758710847164,-.4242640687118846,-.2635369686184982,.016486150095930165
-.035679689679724194,-.424264068711888,-.1984215722490875,-.10298576988928357
-.07423413807029561,-.4242640687118914,-.13330617587967683,-.2224576898744973
-.15134303485143835,-.42426406871189815,-.0030753831408555504,-.46140152984492466
-.18989748324200975,-.42426406871190153,.06204001322855514,-.5808734498301384
.6331187163384712,-.4242640687119245,.006064016842473409,-.20736170562831616
-.15352789335126804,.2828427124745837,.04009671842580109,.5672536096647881
-.1920823417418394,.2828427124745803,.10521211479521178,.4477816896795744
-.23063679013241078,.28284271247457693,.17032751116462244,.32830976969436065
-.2691912385229822,.2828427124745735,.2354429075340331,.20883784970914698
-.30774568691355353,.28284271247457016,.30055830390344374,.08936592972393326
-.3463001353041249,.28284271247456677,.3656737002728544,-.03010599026128044
-.3848545836946964,.28284271247456333,.43078909664226506,-.14957791024649417
.4381616158857845,.2828427124745404,.37481310025618336,.22393383395532818
.3996071674952132,.2828427124745371,.43992849662559397,.1044619139701144
.3610527191046417,.28284271247453363,.5050438929950046,-.015010006015099372
-.22721597469342064,.2121320343559426,-.007139341998825822,.48158668918975756
-.265770423083992,.2121320343559392,.05797605437058486,.3621147692045438
-.30432487147456344,.2121320343559358,.12309145073999553,.24264284921933005
-.34287931986513476,.21213203435593242,.1882068471094062,.1231709292341164
-.38143376825570613,.212132034355929,.2533222434788168,.0036990092489026516
-.4199882166462776,.21213203435592562,.3184376398482275,-.11577291073631106
.4030279829342033,.21213203435590272,.2624616434621458,.2577388334655113
.36447353454363185,.2121320343558993,.3275770398315564,.1382669134802976
.3259190861530604,.2121320343558959,.3926924362009671,.018794993495083748
.2873646377624891,.21213203435589253,.45780783257037777,-.10067692649012996
-.30090405603557324,.14142135623730143,-.0543754024234528,.39591976871472695
-.33945850442614467,.14142135623729804,.010739993945957895,.27644784872951317
-.378012952816716,.14142135623729463,.07585539031536855,.15697592874429947
-.4165674012072874,.14142135623729124,.1409707866847792,.0375040087590858
-.45512184959785884,.14142135623728785,.20608618305418985,-.08196791122612795
.36789434998262205,.14142135623726493,.15011018666810813,.29154383297569436
.3293399015920507,.14142135623726154,.21522558303751874,.1720719129904807
.2907854532014792,.14142135623725813,.2803409794069294,.05259999300526695
.2522310048109079,.14142135623725474,.34545637577634014,-.06687192697994684
.2136765564203365,.14142135623725136,.41057177214575075,-.18634384696516054
-.3745921373777259,.07071067811866033,-.10161146284807972,.31025284823969634
-.4131465857682972,.07071067811865693,-.03649606647866904,.1907809282544826
-.49025548254944007,.07071067811865014,.09373472626015227,-.048162911715944806
.3327607170310408,.07071067811862723,.03775872987407055,.3253488324858775
.29420626864046945,.07071067811862383,.10287412624348119,.2058769125006638
.21709737185932657,.07071067811861705,.23310491898230248,-.03306692746976364
.17854292346875522,.07071067811861365,.29822031535171317,-.15253884745497742
.13998847507818388,.07071067811861025,.36333571172112383,-.27201076744019115
-.4482802187198785,1919004992472536e-29,-.1488475232727067,.22458592776466577
-.48683466711044987,15793519113613012e-30,-.083732126903296,.10511400777945198
-.5253891155010213,12396988302500666e-30,-.01861673053388535,-.014357912205761714
.2976270840794596,-10514230705377497e-30,-.0745927269199671,.35915383199606066
.2590726356888882,-13910761516489846e-30,-.009477330550556426,.2396819120108469
.22051818729831674,-1730729232760219e-29,.055638065818854235,.12020999202563315
.18196373890774534,-20703823138714538e-30,.12075346218826485,.0007380720404194518
.143409290517174,-2410035394982688e-29,.18586885855767551,-.11873384794479422
.10485484212660265,-27496884760939236e-30,.2509842549270862,-.23820576793000803
.06630039373603125,-3089341557205158e-29,.31609965129649686,-.35767768791522175
-.5219683000620311,-.0707106781186219,-.19608358369733364,.13891900728963516
-.5605227484526025,-.07071067811862532,-.13096818732792292,.019447087304421407
.26249345112787836,-.07071067811864822,-.18694418371400467,.3929588315062437
.22393900273730694,-.07071067811865162,-.12182878734459404,.27348691152103005
.1853845543467355,-.07071067811865502,-.05671339097518335,.15401499153581627
.1468301059561641,-.0707106781186584,.00840200539422729,.03454307155060256
.10827565756559275,-.0707106781186618,.07351740176363794,-.08492884843461113
.06972120917502136,-.0707106781186652,.1386327981330486,-.20440076841982482
.031166760784449993,-.0707106781186686,.2037481945024593,-.32387268840503863
-.0073876876061213514,-.070710678118672,.26886359087186995,-.44334460839025236
-.5956563814041838,-.141421356237263,-.2433196441219606,.053252086814604555
.2273598181762971,-.14142135623728594,-.29929564050804225,.42676383101642684
.1888053697857257,-.14142135623728935,-.23418024413863162,.3072919110312131
.15025092139515422,-.14142135623729274,-.16906484776922096,.1878199910459994
.11169647300458288,-.14142135623729613,-.1039494513998103,.06834807106078566
.07314202461401151,-.14142135623729954,-.03883405503039965,-.05112384892442801
.034587576223440136,-.14142135623730293,.026281341339010993,-.17059576890964173
-.003966872167131291,-.1414213562373063,.09139673770842166,-.29006768889485546
-.04252132055770261,-.14142135623730973,.15651213407783235,-.40953960888006924
-.08107576894827395,-.1414213562373131,.22162753044724298,-.5290115288652829
.19222618522471585,-.21213203435592365,-.4116470973020799,.46056883052661
.15367173683414448,-.21213203435592706,-.3465317009326693,.3410969105413963
.115117288443573,-.21213203435593048,-.28141630456325856,.2216249905561825
.07656284005300162,-.21213203435593384,-.21630090819384792,.10215307057096883
.03800839166243028,-.21213203435593725,-.15118551182443724,-.017318849414244906
-.0005460567281410991,-.21213203435594066,-.08607011545502659,-.1367907693994586
-.03910050511871252,-.21213203435594402,-.020954719085615945,-.25626268938467234
-.07765495350928389,-.21213203435594744,.044160677283794705,-.375734609369886
-.11620940189985521,-.21213203435595085,.1092760736532054,-.4952065293550998
-.15476385029042664,-.2121320343559542,.17439147002261607,-.6146784493403136
.11853810388256325,-.28284271247456483,-.45888315772670696,.3749019100515794
.0799836554919918,-.2828427124745682,-.3937677613572962,.2554299900663656
.041429207101420396,-.2828427124745716,-.3286523649878855,.1359580700811519
.0028747587108490374,-.28284271247457504,-.2635369686184749,.016486150095938214
-.03567968967972232,-.28284271247457843,-.19842157224906423,-.10298576988927552
-.07423413807029375,-.2828427124745818,-.13330617587965357,-.22245768987448925
-.1127885864608651,-.2828427124745852,-.06819077951024295,-.3419296098597029
-.15134303485143646,-.2828427124745886,-.0030753831408322913,-.46140152984491667
-.1898974832420079,-.282842712474592,.0620400132285784,-.5808734498301305
.633118716338473,-.28284271247461495,.006064016842496668,-.2073617056283081
.04485002254041051,-.353553390593206,-.5061192181513339,.28923498957654875
.006295574149839167,-.3535533905932094,-.44100382178192316,.16976306959133503
-.032258874240732205,-.3535533905932128,-.37588842541251255,.05029114960612132
-.07081332263130358,-.3535533905932162,-.3107730290431019,-.06918077037909237
-.10936777102187498,-.3535533905932196,-.2456576326736912,-.18865269036430612
-.14792221941244635,-.35355339059322294,-.18054223630428054,-.30812461034951977
-.1864766678030177,-.3535533905932264,-.1154268399348699,-.42759653033473355
-.22503111619358918,-.35355339059322977,-.05031144356545923,-.5470684503199472
.5979850833868918,-.3535533905932527,-.10628743995154094,-.173556706118125
.5594306349963204,-.3535533905932561,-.04117204358213028,-.2930286261033387
-.2272159746934188,.3535533905932521,-.007139341998802535,.4815866891897656
-.2657704230839901,.3535533905932487,.05797605437060815,.3621147692045519
-.30432487147456155,.3535533905932453,.12309145074001882,.24264284921933815
-.3428793198651329,.3535533905932419,.18820684710942945,.12317092923412445
-.3814337682557043,.35355339059323854,.25332224347884014,.0036990092489107285
-.4199882166462757,.35355339059323515,.31843763984825074,-.11577291073630298
.40302798293420516,.35355339059321217,.26246164346216905,.25773883346551935
.36447353454363374,.35355339059320884,.3275770398315797,.13826691348030568
.3259190861530623,.35355339059320545,.3926924362009904,.018794993495091825
.28736463776249094,.353553390593202,.4578078325704011,-.10067692649012189
-.30090405603557135,.28284271247461096,-.05437540242342948,.395919768714735
-.3394585044261428,.28284271247460757,.01073999394598121,.2764478487295213
-.3780129528167142,.28284271247460424,.07585539031539186,.15697592874430757
-.45512184959785695,.2828427124745974,.20608618305421317,-.08196791122611988
.36789434998262394,.2828427124745745,.15011018666813145,.29154383297570247
.3293399015920525,.2828427124745711,.21522558303754205,.17207191299048877
.2522310048109097,.28284271247456433,.34545637577636346,-.06687192697993877
.21367655642033834,.2828427124745609,.41057177214577406,-.18634384696515247
-.374592137377724,.21213203435596983,-.10161146284805644,.3102528482397044
-.4131465857682954,.21213203435596642,-.03649606647864577,.1907809282544907
-.4902554825494382,.21213203435595965,.09373472626017554,-.04816291171593676
.3327607170310427,.21213203435593672,.03775872987409382,.32534883248588553
.2942062686404713,.2121320343559333,.10287412624350448,.20587691250067186
.21709737185932843,.21213203435592654,.2331049189823258,-.03306692746975558
.1785429234687571,.21213203435592312,.29822031535173643,-.15253884745496937
.13998847507818576,.21213203435591974,.3633357117211471,-.2720107674401831
-.44828021871987667,.1414213562373287,-.14884752327268339,.22458592776467382
-.486834667110448,.1414213562373253,-.08373212690327268,.10511400777946009
-.5253891155010194,.1414213562373219,-.018616730533862036,-.014357912205753637
.2976270840794614,.141421356237299,-.07459272691994379,.3591538319960687
.25907263568889005,.1414213562372956,-.009477330550533111,.23968191201085498
.22051818729831857,.14142135623729218,.05563806581887755,.12020999202564123
.1819637389077472,.14142135623728883,.12075346218828817,.0007380720404275287
.14340929051717582,.1414213562372854,.18586885855769883,-.11873384794478614
.10485484212660451,.141421356237282,.2509842549271095,-.23820576792999995
.06630039373603311,.14142135623727864,.3160996512965202,-.35767768791521365
-.5219683000620292,.07071067811868757,-.19608358369731038,.1389190072896432
-.5605227484526006,.07071067811868416,-.13096818732789967,.019447087304429456
.2624934511278802,.07071067811866126,-.1869441837139814,.39295883150625177
.22393900273730882,.07071067811865786,-.12182878734457075,.2734869115210381
.18538455434673734,.07071067811865446,-.05671339097516007,.15401499153582432
.14683010595616597,.07071067811865107,.00840200539425057,.03454307155061062
.10827565756559461,.07071067811864767,.07351740176366121,-.08492884843460308
.06972120917502322,.07071067811864427,.13863279813307186,-.20440076841981678
.031166760784451852,.07071067811864087,.20374819450248258,-.3238726884050306
-.007387687606119492,.07071067811863747,.2688635908718932,-.44334460839024425
-.595656381404182,4645624333853416e-29,-.2433196441219373,.053252086814612604
.22735981817629897,23545024330655997e-30,-.299295640508019,.4267638310164349
.18880536978572757,20148493519543648e-30,-.23418024413860833,.3072919110312212
.1502509213951561,16751962708431306e-30,-.1690648477691977,.18781999104600747
.11169647300458474,13355431897318957e-30,-.10394945139978701,.06834807106079373
.07314202461401337,9958901086206611e-30,-.03883405503037636,-.051123848924419964
.034587576223441996,6562370275094265e-30,.02628134133903428,-.17059576890963368
-.003966872167129432,31658394639819205e-31,.09139673770844495,-.29006768889484735
-.04252132055770075,-23069134713043283e-32,.15651213407785564,-.40953960888006113
-.08107576894827209,-3627222158242778e-30,.2216275304472663,-.5290115288652749
.1922261852247177,-.07071067811861416,-.41164709730205656,.46056883052661807
.15367173683414634,-.07071067811861757,-.34653170093264596,.34109691054140434
.11511728844357486,-.07071067811862096,-.28141630456323524,.22162499055619056
.07656284005300348,-.07071067811862435,-.2163009081938246,.10215307057097689
.03800839166243214,-.07071067811862776,-.15118551182441395,-.017318849414236843
-.0005460567281392395,-.07071067811863115,-.0860701154550033,-.13679076939945053
-.03910050511871066,-.07071067811863455,-.020954719085592658,-.25626268938466423
-.07765495350928203,-.07071067811863795,.04416067728381799,-.3757346093698779
-.11620940189985335,-.07071067811864133,.10927607365322868,-.4952065293550917
-.15476385029042478,-.07071067811864475,.17439147002263933,-.6146784493403055
.11853810388256508,-.1414213562372553,-.45888315772668353,.37490191005158746
.07998365549199363,-.1414213562372587,-.3937677613572728,.2554299900663737
.04142920710142224,-.1414213562372621,-.32865236498786216,.13595807008115998
.002874758710850883,-.14142135623726548,-.2635369686184516,.016486150095946304
-.035679689679720475,-.1414213562372689,-.1984215722490409,-.10298576988926744
-.07423413807029189,-.14142135623727228,-.13330617587963026,-.22245768987448117
-.15134303485143463,-.14142135623727908,-.003075383140808949,-.46140152984490856
-.18989748324200603,-.14142135623728247,.06204001322860174,-.5808734498301223
.6331187163384748,-.14142135623730537,.0060640168425200106,-.2073617056283
.0448500225404124,-.21213203435589648,-.5061192181513106,.2892349895765568
.006295574149841027,-.21213203435589986,-.44100382178189984,.16976306959134307
-.032258874240730345,-.21213203435590328,-.37588842541248924,.05029114960612937
-.07081332263130172,-.21213203435590666,-.3107730290430786,-.06918077037908432
-.10936777102187312,-.21213203435591005,-.2456576326736679,-.18865269036429808
-.1479222194124445,-.21213203435591346,-.18054223630425723,-.3081246103495118
-.18647666780301586,-.21213203435591685,-.1154268399348466,-.42759653033472544
-.2250311161935873,-.21213203435592023,-.050311443565435945,-.5470684503199392
.5979850833868936,-.21213203435594316,-.10628743995151765,-.17355670611811694
.5594306349963223,-.21213203435594655,-.04117204358210699,-.29302862610333064
-.028838058801740243,-.2828427124745376,-.5533552785759375,.20356806910152622
-.06739250719231157,-.282842712474541,-.4882398822065268,.0840961491163125
-.10594695558288296,-.2828427124745444,-.42312448583711615,-.03537577086890122
-.14450140397345437,-.28284271247454784,-.3580090894677055,-.15484769085411493
-.2216103007545971,-.28284271247455456,-.22777829672888417,-.3937915308245423
-.2601647491451685,-.282842712474558,-.1626629003594735,-.5132634508097561
.5242970020447411,-.28284271247458426,-.15352350037614457,-.2592236265931475
.4857425536541695,-.2828427124745877,-.08840810400673389,-.3786955465783613
-.3009040560355696,.42426406871192046,-.054375402423406195,.3959197687147431
-.33945850442614095,.4242640687119171,.010739993946004497,.2764478487295294
-.3780129528167123,.42426406871191374,.07585539031541515,.15697592874431568
-.45512184959785507,.4242640687119069,.20608618305423648,-.0819679112261118
.36789434998262577,.424264068711884,.1501101866681547,.2915438329757105
.3293399015920544,.4242640687118806,.21522558303756537,.17207191299049684
.25223100481091154,.42426406871187383,.3454563757763867,-.06687192697993069
.21367655642034022,.4242640687118704,.4105717721457973,-.1863438469651444
-.3745921373777222,.3535533905932793,-.10161146284803313,.3102528482397125
-.41314658576829355,.35355339059327595,-.036496066478622455,.1907809282544988
-.49025548254943635,.3535533905932691,.09373472626019885,-.04816291171592865
.33276071703104454,.3535533905932462,.03775872987411714,.32534883248589364
.29420626864047317,.35355339059324287,.10287412624352779,.20587691250067996
.21709737185933028,.35355339059323604,.2331049189823491,-.03306692746974749
.17854292346875894,.35355339059323265,.29822031535175975,-.15253884745496127
.1399884750781876,.3535533905932292,.3633357117211704,-.272010767440175
-.4482802187198748,.2828427124746382,-.1488475232726601,.22458592776468192
-.4868346671104461,.2828427124746348,-.08373212690324942,.10511400777946814
-.5253891155010175,.28284271247463144,-.018616730533838763,-.014357912205745588
.29762708407946326,.28284271247460846,-.0745927269199205,.35915383199607676
.25907263568889194,.28284271247460513,-.009477330550509838,.23968191201086303
.22051818729832046,.28284271247460174,.05563806581890082,.12020999202564928
.18196373890774906,.2828427124745983,.12075346218831146,.0007380720404355778
.1434092905171777,.2828427124745949,.18586885855772212,-.11873384794477809
.10485484212660637,.28284271247459153,.2509842549271328,-.2382057679299919
.06630039373603497,.2828427124745881,.31609965129654344,-.3576776879152056
.262493451127882,.21213203435597078,-.18694418371395807,.3929588315062599
.22393900273731066,.2121320343559674,-.12182878734454744,.2734869115210462
.14683010595616783,.2121320343559606,.008402005394273885,.0345430715506187
.10827565756559647,.2121320343559572,.07351740176368453,-.084928848434595
.06972120917502508,.2121320343559538,.13863279813309518,-.2044007684198087
.031166760784453712,.2121320343559504,.2037481945025059,-.3238726884050225
-.5956563814041801,.14142135623735594,-.24331964412191404,.05325208681462071
.22735981817630083,.141421356237333,-.2992956405079957,.426763831016443
.18880536978572943,.1414213562373296,-.23418024413858504,.30729191103122927
.15025092139515794,.1414213562373262,-.1690648477691744,.18781999104601554
.1116964730045866,.14142135623732283,-.10394945139976373,.06834807106080179
.07314202461401523,.1414213562373194,-.03883405503035309,-.0511238489244119
.034587576223443856,.14142135623731603,.026281341339057553,-.1705957689096256
-.003966872167127572,.14142135623731264,.09139673770846822,-.2900676888948393
-.04252132055769889,.14142135623730923,.15651213407787892,-.40953960888005314
-.08107576894827023,.14142135623730584,.22162753044728956,-.5290115288652668
.19222618522471957,.07071067811869533,-.4116470973020333,.4605688305266261
.1536717368341482,.07071067811869192,-.34653170093262264,.3410969105414124
.11511728844357672,.07071067811868853,-.2814163045632119,.2216249905561986
.07656284005300534,.07071067811868514,-.21630090819380135,.10215307057098494
.038008391662434006,.07071067811868173,-.15118551182439066,-.017318849414228794
-.0005460567281373729,.07071067811867834,-.08607011545498001,-.13679076939944249
-.0391005051187088,.07071067811867494,-.02095471908556937,-.25626268938465624
-.07765495350928017,.07071067811867154,.04416067728384128,-.3757346093698699
-.11620940189985149,.07071067811866816,.10927607365325197,-.4952065293550837
-.15476385029042292,.07071067811866474,.17439147002266264,-.6146784493402975
.11853810388256694,54207748555577146e-30,-.45888315772666033,.37490191005159557
.07998365549199549,508112177444648e-28,-.39376776135724956,.25542999006638173
.0414292071014241,47414686933352454e-30,-.3286523649878389,.13595807008116806
.002874758710852743,440181561222401e-28,-.2635369686184283,.016486150095954367
-.035679689679718615,40621625311127756e-30,-.1984215722490176,-.10298576988925937
-.07423413807029003,3722509450001541e-29,-.13330617587960694,-.2224576898744731
-.15134303485143277,30432032877790725e-30,-.003075383140785662,-.46140152984490046
-.18989748324200417,27035502066678367e-30,.06204001322862503,-.5808734498301142
.6331187163384767,4124283058800207e-30,.0060640168425432975,-.20736170562829195
.0062955741498428724,-.07071067811859032,-.4410038217818765,.16976306959135118
-.07081332263129986,-.0707106781185971,-.31077302904305526,-.06918077037907622
-.186476667803014,-.07071067811860729,-.11542683993482326,-.42759653033471734
.5594306349963241,-.07071067811863702,-.04117204358208365,-.29302862610332253
-.028838058801738356,-.1414213562372281,-.5533552785759143,.2035680691015343
-.0673925071923097,-.1414213562372315,-.48823988220650355,.08409614911632057
-.10594695558288109,-.14142135623723492,-.4231244858370929,-.035375770868893146
-.1445014039734525,-.14142135623723828,-.35800908946768223,-.15484769085410685
-.2216103007545952,-.1414213562372451,-.2277782967288609,-.39379153082453433
-.26016474914516663,-.14142135623724847,-.16266290035945025,-.513263450809748
.5242970020447428,-.1414213562372748,-.1535235003761213,-.25922362659313947
.4857425536541714,-.1414213562372782,-.08840810400671063,-.37869554657835325
-.10252614014389096,-.21213203435586922,-.6005913390005412,.11790114862650372
-.14108058853446231,-.21213203435587263,-.5354759426311305,-.0015707713587100255
-.17963503692503374,-.21213203435587602,-.47036054626171986,-.12104269134392376
-.21818948531560511,-.2121320343558794,-.4052451498923092,-.24051461132913743
-.25674393370617643,-.21213203435588282,-.34012975352289854,-.3599865313143512
-.29529838209674786,-.2121320343558862,-.2750143571534879,-.4794584512995649
.5277178174837329,-.2121320343559091,-.33099035353956957,-.10594670709774254
.4891633690931616,-.21213203435591252,-.26587495717015897,-.22541862708295624
.4506089207025902,-.21213203435591593,-.20075956080074828,-.34489054706817013
.4120544723120188,-.2121320343559193,-.13564416443133762,-.4643624670533838
-.37459213737772035,.49497474683058884,-.10161146284800984,.31025284823972055
-.41314658576829166,.4949747468305855,-.03649606647859917,.19078092825450685
-.4902554825494345,.4949747468305787,.09373472626022214,-.0481629117159206
.33276071703104637,.49497474683055576,.037758729874140425,.3253488324859017
.294206268640475,.4949747468305524,.10287412624355105,.20587691250068801
.21709737185933214,.4949747468305456,.23310491898237237,-.033066927469739424
.17854292346876083,.4949747468305422,.29822031535178306,-.15253884745495322
.13998847507818946,.49497474683053877,.3633357117211937,-.27201076744016695
-.4482802187198729,.4242640687119477,-.14884752327263678,.22458592776468997
-.5253891155010157,.42426406871194094,-.018616730533815448,-.014357912205737483
.29762708407946514,.42426406871191796,-.07459272691989718,.35915383199608486
.25907263568889377,.42426406871191463,-.009477330550486524,.23968191201087113
.18196373890775092,.4242640687119078,.12075346218833477,.0007380720404436686
.14340929051717954,.4242640687119044,.18586885855774543,-.11873384794476999
.1048548421266082,.42426406871190103,.2509842549271561,-.23820576792998382
.0663003937360368,.4242640687118976,.31609965129656675,-.35767768791519755
.2624934511278839,.3535533905932802,-.18694418371393481,.3929588315062679
.22393900273731251,.35355339059327684,-.12182878734452417,.27348691152105425
.1468301059561697,.35355339059327007,.008402005394297158,.03454307155062676
.10827565756559833,.3535533905932666,.0735174017637078,-.08492884843458692
.06972120917502694,.35355339059326324,.13863279813311846,-.20440076841980062
.03116676078445557,.35355339059325985,.20374819450252915,-.32387268840501443
-.5956563814041782,.2828427124746654,-.24331964412189072,.05325208681462876
.22735981817630269,.2828427124746425,-.29929564050797236,.42676383101645105
.1888053697857313,.28284271247463916,-.23418024413856173,.3072919110312373
.1502509213951598,.2828427124746357,-.1690648477691511,.1878199910460236
.11169647300458846,.28284271247463233,-.10394945139974042,.06834807106080987
.07314202461401709,.28284271247462894,-.03883405503032977,-.05112384892440381
.034587576223445715,.2828427124746255,.026281341339080867,-.17059576890961753
-.003966872167125712,.2828427124746221,.09139673770849154,-.29006768889483125
-.04252132055769703,.2828427124746188,.15651213407790224,-.40953960888004504
-.08107576894826837,.28284271247461534,.22162753044731287,-.5290115288652587
.19222618522472143,.2121320343560048,-.41164709730201005,.4605688305266342
.15367173683415006,.2121320343560014,-.34653170093259933,.34109691054142044
.11511728844357857,.21213203435599798,-.28141630456318867,.2216249905562067
.0765628400530072,.21213203435599462,-.21630090819377806,.10215307057099302
.03800839166243586,.2121320343559912,-.1511855118243674,-.017318849414220717
-.0005460567281355203,.2121320343559878,-.08607011545495674,-.1367907693994344
-.03910050511870694,.21213203435598443,-.020954719085546098,-.25626268938464813
-.07765495350927831,.21213203435598102,.04416067728386455,-.3757346093698618
-.11620940189984963,.2121320343559776,.10927607365327524,-.4952065293550756
-.15476385029042106,.21213203435597425,.1743914700226859,-.6146784493402894
.1185381038825688,.14142135623736368,-.458883157726637,.3749019100516036
.07998365549199735,.14142135623736027,-.3937677613572263,.25542999006638983
.04142920710142596,.14142135623735688,-.32865236498781564,.1359580700811761
.0028747587108546024,.1414213562373535,-.26353696861840503,.01648615009596243
-.035679689679716756,.14142135623735008,-.19842157224899432,-.10298576988925132
-.07423413807028817,.1414213562373467,-.13330617587958368,-.22245768987446501
-.1513430348514309,.1414213562373399,-.003075383140762375,-.46140152984489236
-.1898974832420023,.1414213562373365,.062040013228648314,-.5808734498301062
.6331187163384786,.1414213562373136,.006064016842566584,-.2073617056282839
.006295574149844732,.07071067811871919,-.4410038217818532,.16976306959135923
-.07081332263129801,.0707106781187124,-.31077302904303195,-.06918077037906817
-.18647666780301214,.07071067811870221,-.11542683993479998,-.42759653033470935
.559430634996326,.07071067811867249,-.041172043582060364,-.2930286261033145
-.028838058801736524,8145312528767423e-29,-.5533552785758908,.20356806910154238
-.06739250719230787,7805659447656188e-29,-.4882398822064802,.08409614911632865
-.10594695558287925,7466006366544953e-29,-.4231244858370695,-.03537577086888507
-.14450140397345068,7126353285433718e-29,-.35800908946765886,-.15484769085409877
-.22161030075459337,6447047123211249e-29,-.22777829672883754,-.3937915308245262
-.26016474914516485,6107394042100014e-29,-.16266290035942688,-.5132634508097399
.5242970020447447,3476619060200963e-29,-.15352350037609794,-.25922362659313136
.4857425536541732,3136965979089729e-29,-.08840810400668726,-.37869554657834514
-.1025261401438891,-.07071067811855972,-.6005913390005179,.1179011486265118
-.14108058853446045,-.07071067811856312,-.5354759426311072,-.0015707713587019487
-.17963503692503188,-.07071067811856652,-.47036054626169654,-.12104269134391568
-.21818948531560323,-.0707106781185699,-.4052451498922859,-.24051461132912935
-.2567439337061746,-.0707106781185733,-.3401297535228752,-.3599865313143431
-.295298382096746,-.0707106781185767,-.27501435715346456,-.4794584512995568
.5277178174837348,-.0707106781185996,-.33099035353954626,-.10594670709773449
.48916336909316344,-.07071067811860302,-.26587495717013565,-.22541862708294813
.450608920702592,-.0707106781186064,-.20075956080072496,-.344890547068162
.41205447231202064,-.0707106781186098,-.1356441644313143,-.4643624670533757
-.1762142214860417,-.14142135623720087,-.6478273994251448,.0322342281514812
-.2147686698766131,-.14142135623720425,-.5827120030557341,-.08723769183373256
-.25332311826718446,-.14142135623720767,-.5175966066863235,-.20670961181894626
-.2918775666577558,-.14142135623721105,-.4524812103169128,-.32618153180416
-.33043201504832725,-.14142135623721444,-.38736581394750214,-.4456534517893737
.4925841845321536,-.14142135623723737,-.44334181033358383,-.07214170758755137
.4540297361415822,-.14142135623724075,-.3782264139641732,-.19161362757276507
.4154752877510107,-.14142135623724417,-.3131110175947625,-.3110855475579788
.3769208393604394,-.14142135623724755,-.24799562122535188,-.4305574675431926
.33836639096986804,-.14142135623725094,-.18288022485594121,-.5500293875284064
-.44828021871987106,.5656854249492573,-.14884752327261355,.22458592776469802
-.48683466711044243,.565685424949254,-.08373212690320288,.10511400777948429
-.5253891155010139,.5656854249492504,-.018616730533792217,-.014357912205729462
.29762708407946703,.5656854249492276,-.07459272691987395,.35915383199609285
.25907263568889566,.5656854249492242,-.009477330550463292,.23968191201087916
.22051818729832418,.5656854249492208,.05563806581894737,.1202099920256654
.1819637389077528,.5656854249492175,.120753462188358,.0007380720404517038
.14340929051718143,.5656854249492141,.18586885855776866,-.11873384794476197
.10485484212661009,.5656854249492106,.25098425492717935,-.23820576792997578
.06630039373603869,.5656854249492073,.31609965129659,-.3576776879151895
-.5219683000620237,.49497474683061615,-.1960835836972405,.1389190072896674
-.5605227484525951,.49497474683061277,-.13096818732782983,.01944708730445366
.2624934511278858,.49497474683058984,-.18694418371391155,.392958831506276
.2239390027373144,.49497474683058645,-.12182878734450091,.2734869115210623
.18538455434674295,.49497474683058307,-.056713390975090226,.15401499153584852
.14683010595617157,.4949747468305797,.008402005394320417,.03454307155063481
.10827565756560019,.49497474683057624,.07351740176373106,-.08492884843457887
.0697212091750288,.49497474683057285,.13863279813314172,-.20440076841979257
.03116676078445743,.49497474683056947,.2037481945025524,-.3238726884050064
-.007387687606113913,.4949747468305661,.26886359087196304,-.44334460839022005
-.5956563814041763,.424264068711975,-.24331964412186746,.053252086814636806
.22735981817630457,.42426406871195205,-.29929564050794916,.4267638310164591
.18880536978573315,.4242640687119487,-.23418024413853852,.30729191103124537
.1502509213951617,.4242640687119453,-.16906484776912786,.18781999104603164
.11169647300459033,.4242640687119419,-.1039494513997172,.0683480710608179
.07314202461401897,.4242640687119385,-.038834055030306555,-.05112384892439579
.03458757622344759,.42426406871193506,.026281341339104085,-.17059576890960948
-.003966872167123825,.4242640687119317,.09139673770851475,-.2900676888948232
-.04252132055769517,.42426406871192834,.15651213407792544,-.40953960888003693
-.08107576894826651,.4242640687119249,.22162753044733607,-.5290115288652507
.1922261852247233,.3535533905933143,-.4116470973019868,.4605688305266422
.15367173683415192,.353553390593311,-.3465317009325761,.34109691054142854
.11511728844358045,.3535533905933076,-.2814163045631654,.22162499055621476
.07656284005300908,.35355339059330415,-.2163009081937548,.10215307057100106
.03800839166243773,.35355339059330076,-.15118551182434414,-.01731884941421267
-.0005460567281336468,.3535533905932974,-.08607011545493348,-.13679076939942636
-.03910050511870507,.35355339059329394,-.02095471908552284,-.2562626893846401
-.07765495350927645,.3535533905932906,.04416067728388781,-.37573460936985376
-.11620940189984774,.3535533905932872,.1092760736532985,-.4952065293550676
-.15476385029041917,.3535533905932838,.17439147002270916,-.6146784493402813
.11853810388257069,.28284271247467324,-.4588831577266138,.37490191005161166
.07998365549199923,.28284271247466986,-.39376776135720304,.2554299900663978
.04142920710142785,.28284271247466647,-.3286523649877924,.13595807008118413
.002874758710856483,.282842712474663,-.2635369686183818,.016486150095970452
-.03567968967971487,.28284271247465964,-.19842157224897108,-.1029857698892433
-.0742341380702863,.28284271247465625,-.13330617587956042,-.22245768987445702
-.11278858646085765,.28284271247465287,-.0681907795101498,-.3419296098596707
-.15134303485142903,.2828427124746495,-.0030753831407391435,-.46140152984488436
-.18989748324200043,.2828427124746461,.062040013228671545,-.5808734498300983
.6331187163384804,.2828427124746231,.006064016842589816,-.2073617056282759
.04485002254041798,.21213203435603212,-.5061192181512407,.289234989576581
.0062955741498466194,.21213203435602873,-.44100382178183,.16976306959136728
-.03225887424072475,.21213203435602532,-.3758884254124194,.05029114960615357
-.07081332263129614,.21213203435602193,-.31077302904300874,-.06918077037906012
-.10936777102186752,.21213203435601855,-.24565763267359805,-.18865269036427387
-.14792221941243888,.21213203435601513,-.1805422363041874,-.30812461034948757
-.18647666780301025,.21213203435601174,-.11542683993477675,-.42759653033470124
-.2250311161935817,.21213203435600836,-.050311443565366085,-.547068450319915
.5979850833868992,.21213203435598543,-.10628743995144779,-.17355670611809274
.5594306349963278,.21213203435598205,-.04117204358203713,-.29302862610330643
-.028838058801734637,.14142135623739102,-.5533552785758676,.20356806910155043
-.06739250719230598,.1414213562373876,-.488239882206457,.0840961491163367
-.10594695558287737,.1414213562373842,-.4231244858370463,-.03537577086887702
-.1445014039734488,.14142135623738084,-.35800908946763565,-.15484769085409072
-.22161030075459148,.141421356237374,-.22777829672881433,-.3937915308245181
-.26016474914516297,.14142135623737065,-.16266290035940367,-.5132634508097319
.5242970020447466,.1414213562373443,-.15352350037607473,-.2592236265931233
.48574255365417507,.14142135623734092,-.08840810400666406,-.3786955465783371
-.10252614014388724,.0707106781187499,-.6005913390004946,.11790114862651985
-.1410805885344586,.0707106781187465,-.5354759426310839,-.0015707713586938996
-.17963503692503002,.0707106781187431,-.47036054626167323,-.12104269134390763
-.2181894853156014,.07071067811873971,-.40524514989226257,-.2405146113291213
-.2567439337061727,.07071067811873631,-.3401297535228519,-.35998653131433506
-.2952983820967442,.07071067811873291,-.27501435715344125,-.4794584512995488
.5277178174837367,.07071067811871001,-.33099035353952294,-.10594670709772644
.48916336909316527,.0707106781187066,-.26587495717011234,-.22541862708294014
.45060892070259384,.07071067811870321,-.20075956080070165,-.344890547068154
.4120544723120225,.07071067811869981,-.135644164431291,-.4643624670533676
-.17621422148603985,10872625759538693e-29,-.6478273994251216,.03223422815148925
-.21476866987661125,10532972678427458e-29,-.5827120030557109,-.08723769183372451
-.2533231182671826,10193319597316224e-29,-.5175966066863003,-.2067096118189382
-.291877566657754,9853666516204989e-29,-.4524812103168896,-.3261815318041519
-.3304320150483254,9514013435093755e-29,-.38736581394747893,-.44565345178936566
.49258418453215547,7222891534305937e-29,-.4433418103335606,-.07214170758754332
.4540297361415841,6883238453194704e-29,-.37822641396415,-.19161362757275702
.4154752877510126,654358537208347e-28,-.3131110175947393,-.3110855475579708
.3769208393604413,6203932290972235e-29,-.24799562122532867,-.4305574675431846
.3383663909698699,5864279209861e-26,-.182880224855918,-.5500293875283983
-.24990230282819248,-.07071067811853242,-.6950634598497485,-.053432692323541364
-.28845675121876385,-.07071067811853582,-.6299480634803378,-.1729046123087551
-.3270111996093352,-.0707106781185392,-.5648326671109272,-.2923765322939688
-.36556564799990665,-.0707106781185426,-.4997172707415165,-.41184845227918254
.45745055158057424,-.07071067811856552,-.5556932671275983,-.0383367080773602
.4188961031900028,-.07071067811856892,-.4905778707581876,-.1578086280625739
.3803416547994314,-.0707106781185723,-.4254624743887769,-.2772805480477877
.34178720640886,-.0707106781185757,-.3603470780193662,-.39675246803300135
.30323275801828864,-.0707106781185791,-.2952316816499556,-.5162243880182152
.2646783096277173,-.0707106781185825,-.23011628528054492,-.6356963080034288
-.5219683000620218,.6363961030679257,-.19608358369721723,.13891900728967546
-.5605227484525932,.6363961030679223,-.13096818732780657,.019447087304461708
.26249345112788763,.6363961030678993,-.1869441837138883,.392958831506284
.22393900273731626,.636396103067896,-.12182878734447765,.27348691152107035
.1853845543467448,.6363961030678925,-.05671339097506697,.15401499153585657
.1468301059561734,.6363961030678892,.008402005394343676,.03454307155064286
.10827565756560205,.6363961030678859,.07351740176375432,-.08492884843457082
.06972120917503066,.6363961030678824,.13863279813316498,-.20440076841978452
.03116676078445929,.636396103067879,.20374819450257567,-.32387268840499833
-.007387687606112053,.6363961030678755,.2688635908719863,-.44334460839021206
-.5956563814041744,.5656854249492845,-.2433196441218442,.053252086814644856
.2273598181763064,.5656854249492617,-.2992956405079259,.42676383101646714
.188805369785735,.5656854249492582,-.23418024413851524,.3072919110312534
.15025092139516355,.5656854249492548,-.1690648477691046,.1878199910460397
.11169647300459219,.5656854249492514,-.10394945139969392,.06834807106082597
.07314202461402082,.5656854249492481,-.03883405503028327,-.051123848924387726
.034587576223449434,.5656854249492447,.026281341339127372,-.17059576890960143
-.003966872167121993,.5656854249492413,.09139673770853804,-.29006768889481516
-.04252132055769331,.5656854249492378,.15651213407794873,-.40953960888002894
-.08107576894826465,.5656854249492345,.2216275304473594,-.5290115288652426
.19222618522472518,.4949747468306238,-.4116470973019635,.4605688305266503
.1536717368341538,.4949747468306205,-.3465317009325529,.34109691054143654
.11511728844358231,.4949747468306171,-.2814163045631422,.22162499055622278
.07656284005301094,.49497474683061365,-.21630090819373157,.1021530705710091
.03800839166243959,.49497474683061027,-.15118551182432088,-.017318849414204633
-.0005460567281317871,.4949747468306069,-.08607011545491024,-.13679076939941834
-.03910050511870321,.49497474683060344,-.020954719085499594,-.25626268938463204
-.07765495350927457,.4949747468306001,.04416067728391106,-.3757346093698457
-.11620940189984591,.4949747468305967,.10927607365332175,-.4952065293550595
-.15476385029041734,.4949747468305933,.17439147002273242,-.6146784493402733
.11853810388257252,.42426406871198274,-.4588831577265905,.3749019100516197
.07998365549200107,.42426406871197936,-.3937677613571798,.25542999006640593
.041429207101429694,.424264068711976,-.3286523649877691,.1359580700811922
.0028747587108583356,.42426406871197253,-.2635369686183585,.01648615009597853
-.03567968967971302,.42426406871196914,-.19842157224894783,-.10298576988923522
-.07423413807028445,.42426406871196576,-.13330617587953716,-.22245768987444892
-.1513430348514272,.424264068711959,-.0030753831407158844,-.46140152984487626
-.18989748324199857,.4242640687119556,.062040013228694804,-.5808734498300901
.6331187163384824,.4242640687119326,.006064016842613075,-.2073617056282678
.04485002254041984,.35355339059334157,-.5061192181512175,.28923498957658905
.006295574149848479,.3535533905933382,-.44100382178180675,.1697630695913753
-.03225887424072289,.3535533905933348,-.37588842541239614,.05029114960616159
-.07081332263129428,.35355339059333135,-.3107730290429855,-.0691807703790521
-.10936777102186566,.35355339059332797,-.2456576326735748,-.18865269036426585
-.14792221941243705,.35355339059332463,-.18054223630416413,-.3081246103494796
-.1864766678030084,.3535533905933212,-.11542683993475351,-.42759653033469325
-.22503111619357985,.3535533905933178,-.05031144356534285,-.5470684503199069
.597985083386901,.3535533905932949,-.10628743995142456,-.17355670611808469
.5594306349963296,.3535533905932915,-.0411720435820139,-.2930286261032984
-.028838058801732777,.2828427124747005,-.5533552785758444,.20356806910155847
-.06739250719230412,.2828427124746971,-.4882398822064337,.08409614911634475
-.10594695558287551,.2828427124746937,-.42312448583702306,-.03537577086886897
-.1445014039734469,.2828427124746903,-.3580090894676124,-.15484769085408268
-.22161030075458962,.28284271247468357,-.22777829672879107,-.3937915308245101
-.2601647491451611,.2828427124746801,-.1626629003593804,-.5132634508097238
.5242970020447484,.28284271247465387,-.15352350037605147,-.25922362659311526
.48574255365417696,.2828427124746504,-.0884081040066408,-.37869554657832905
-.10252614014388538,.2121320343560594,-.6005913390004713,.1179011486265279
-.14108058853445674,.212132034356056,-.5354759426310607,-.0015707713586858504
-.17963503692502816,.2121320343560526,-.47036054626165,-.12104269134389958
-.2181894853155995,.21213203435604921,-.40524514989223936,-.24051461132911325
-.2567439337061709,.2121320343560458,-.3401297535228287,-.359986531314327
-.2952983820967423,.21213203435604241,-.27501435715341804,-.4794584512995407
.5277178174837386,.21213203435601952,-.33099035353949974,-.10594670709771839
.48916336909316716,.2121320343560161,-.26587495717008913,-.22541862708293203
.4506089207025957,.2121320343560127,-.20075956080067844,-.3448905470681459
.4120544723120244,.21213203435600933,-.13564416443126778,-.4643624670533596
-.176214221486038,.14142135623741825,-.6478273994250983,.0322342281514973
-.2147686698766094,.14142135623741486,-.5827120030556876,-.08723769183371646
-.2533231182671808,.14142135623741145,-.5175966066862769,-.20670961181893016
-.2918775666577521,.14142135623740806,-.4524812103168663,-.3261815318041439
-.33043201504832354,.14142135623740468,-.3873658139474556,-.4456534517893576
.49258418453215735,.14142135623738175,-.4433418103335373,-.07214170758753527
.4540297361415859,.14142135623737837,-.3782264139641267,-.19161362757274897
.41547528775101444,.14142135623737495,-.313111017594716,-.3110855475579627
.3769208393604431,.14142135623737156,-.24799562122530536,-.4305574675431765
.33836639096987176,.14142135623736818,-.1828802248558947,-.5500293875283903
-.24990230282819065,.07071067811877708,-.6950634598497253,-.05343269232353337
-.28845675121876196,.07071067811877368,-.6299480634803146,-.1729046123087471
-.32701119960933334,.0707106781187703,-.564832667110904,-.2923765322939608
-.36556564799990476,.0707106781187669,-.4997172707414933,-.41184845227917455
.4574505515805761,.07071067811874399,-.555693267127575,-.038336708077352205
.4188961031900047,.07071067811874059,-.4905778707581644,-.1578086280625659
.38034165479943327,.0707106781187372,-.4254624743887537,-.2772805480477797
.34178720640886184,.0707106781187338,-.360347078019343,-.39675246803299336
.3032327580182905,.0707106781187304,-.2952316816499324,-.5162243880182072
.2646783096277192,.070710678118727,-.23011628528052172,-.6356963080034208
-.32359038417034325,13594387875186837e-29,-.7422995202743522,-.13909961279856395
-.36214483256091456,13254734794075604e-29,-.6771841239049415,-.2585715327837777
-.40069928095148605,1291508171296437e-28,-.6120687275355309,-.37804345276899143
.42231691862899484,10623959812176552e-29,-.6680447239216126,-.004531708567169085
.38376247023842347,10284306731065318e-29,-.602929327552202,-.12400362855238278
.345208021847852,9944653649954083e-29,-.5378139311827913,-.24347554853759656
.3066535734572806,960500056884285e-28,-.4726985348133806,-.36294746852281023
.26809912506670924,9265347487731615e-29,-.40758313844397,-.48241938850802396
.2295446766761379,8925694406620379e-29,-.3424677420745593,-.6018913084932378
.1909902282855665,8586041325509145e-29,-.27735234570514866,-.7213632284784515
